file,rows,class,ingested_from,sha256
data/corporate_actions/corporate_actions.csv,1103,PUBLIC,ca_adjustment_factors.parquet,0dc1dbf84ca3a92eb7af7045fb3813e3d33a6722002a583679866fd8e2e5fb98
data/corporate_actions/ca_matches.csv,2,PUBLIC,nse/bse_corporate_actions.csv,539816fb5e1b5be87f1f12f79469baa8d6f4cf398e145b06a15d061bdc9d03b1
data/corporate_actions/ca_validation.csv,1103,PUBLIC,ca_adjustment_factors.parquet,fe6a2986fd4e6d0f3ed794c5157a514fb655f61ba4ac312c0410a77979aa0898
data/instrument_mapping/instrument_map.csv,1784,PUBLIC,isin_pit_map.parquet,fdcb642515552773dc2ea8d10bce0b8db8b0aecd4301be65bbfc15cfbf3441bd
data/instrument_mapping/mapping_validation.csv,14,PUBLIC,isin_mapping_final.csv + isin_pit_map.parquet,eea61c34da71ef0d6fef4cf405dc9e0164614b52c57bacd3f3c9de198ce1cb9c
data/derived/panel_analysis.parquet,577245,DERIVED,module19.load(),c90f213c39ac4f982c3b451d532ad0dba163dce16d19f0ad60989eb6ebcbf1c3
data/derived/daily_features.parquet,3490,DERIVED,module21.build_frame(),fed032125d364145ff2554d3309a01d2f0aabc3e988b454238820b3f2c7b4ff2
data/derived/analysis_dataset.parquet,2739,DERIVED,market_engine v1 + v2 scores,35911451af7a32bd9c97f2b13aceb449efc9b520eb4d26d4a6be0f4ab22cd399
data/derived/weekly_control_scores.parquet,2210,DERIVED,market_engine_v4_weekly_scores.parquet,c88f02a2d946256b116a1dc065bb9ed17025d63daad6b56c7d773f9e24ebdfb1
data/derived/hazard_predictions.parquet,138219,DERIVED,phase2_hazard_preds.parquet,5eed19b02c9ad4ec21de7ca06a95173e8543bdab5be1d9b2df4e42b4a6756fd3
data/derived/backtest_metrics.csv,32,DERIVED,outputs/metrics/backtest_metrics.csv,b646e55dc90e52ac8b57a104be25bd508cb96e7486d1d2684b37a7fa0fc47d3c
