strategy,era,cost_bps,n,annret_%,annvol_%,sharpe,sortino,maxDD_%,calmar,turnover,margin_bps,fitness,hit_%
S1H_gated_reversal,TEST,0.0,915,-1.31,6.09,-0.22,-0.32,14.58,-0.09,0.38,-1.37,-0.04,48.42
S1H_gated_reversal,TEST,15.0,915,-15.63,6.07,-2.57,-3.35,58.11,-0.27,0.38,-16.37,-1.65,42.84
S1H_gated_reversal,TRAIN,0.0,2528,2.1,7.72,0.27,0.4,23.82,0.09,0.35,2.39,0.07,50.32
S1H_gated_reversal,TRAIN,15.0,2528,-11.06,7.72,-1.43,-1.95,111.88,-0.1,0.35,-12.61,-0.81,44.58
S1_REV20,TEST,0.0,926,-4.31,5.38,-0.8,-1.18,17.36,-0.25,0.31,-5.54,-0.3,44.71
S1_REV20,TEST,15.0,926,-16.0,5.37,-2.98,-3.89,58.6,-0.27,0.31,-20.54,-2.14,38.88
S1_REV20,TRAIN,0.0,2530,1.37,6.18,0.22,0.33,16.01,0.09,0.31,1.75,0.05,49.64
S1_REV20,TRAIN,15.0,2530,-10.35,6.17,-1.68,-2.28,108.84,-0.1,0.31,-13.25,-0.97,43.08
S2H_filtered_flow,TEST,0.0,893,2.58,2.3,1.13,1.7,4.09,0.63,0.3,3.43,0.33,52.41
S2H_filtered_flow,TEST,15.0,893,-8.73,2.29,-3.81,-4.54,31.43,-0.28,0.3,-11.57,-2.06,39.64
S2H_filtered_flow,TRAIN,0.0,2540,-1.53,3.04,-0.5,-0.68,19.08,-0.08,0.27,-2.25,-0.12,50.35
S2H_filtered_flow,TRAIN,15.0,2540,-11.73,3.04,-3.86,-4.48,119.12,-0.1,0.27,-17.25,-2.55,40.51
S2_FLOW10,TEST,0.0,893,2.52,2.26,1.11,1.66,4.31,0.58,0.25,3.92,0.35,52.52
S2_FLOW10,TEST,15.0,893,-7.11,2.26,-3.15,-3.85,26.05,-0.27,0.25,-11.08,-1.66,42.11
S2_FLOW10,TRAIN,0.0,2540,-1.83,3.02,-0.6,-0.81,21.38,-0.09,0.21,-3.4,-0.18,49.61
S2_FLOW10,TRAIN,15.0,2540,-9.88,3.02,-3.27,-3.9,100.43,-0.1,0.21,-18.4,-2.23,42.6
S3H_regime_book,TEST,0.0,918,3.49,3.24,1.08,1.59,4.05,0.86,0.36,3.8,0.33,51.74
S3H_regime_book,TEST,15.0,918,-10.29,3.27,-3.15,-3.79,38.73,-0.27,0.36,-11.2,-1.67,42.37
S3H_regime_book,TRAIN,0.0,2529,2.5,3.75,0.67,0.94,5.45,0.46,0.39,2.57,0.17,54.17
S3H_regime_book,TRAIN,15.0,2529,-12.09,3.78,-3.2,-3.82,121.49,-0.1,0.39,-12.43,-1.79,42.59
S3_PROXY,TEST,0.0,920,3.85,2.55,1.51,2.21,2.7,1.43,0.21,7.41,0.65,54.67
S3_PROXY,TEST,15.0,920,-3.95,2.57,-1.53,-1.97,18.62,-0.21,0.21,-7.59,-0.67,45.76
S3_PROXY,TRAIN,0.0,2530,4.0,2.94,1.36,2.11,7.29,0.55,0.22,7.33,0.59,54.23
S3_PROXY,TRAIN,15.0,2530,-4.19,2.94,-1.42,-1.92,50.25,-0.08,0.22,-7.67,-0.63,45.38
S4B_style_proxy,TEST,0.0,924,-1.05,1.93,-0.55,-0.75,6.29,-0.17,0.58,-0.72,-0.07,48.7
S4B_style_proxy,TEST,15.0,924,-22.97,1.94,-11.84,-9.93,84.23,-0.27,0.58,-15.72,-7.45,20.67
S4B_style_proxy,TRAIN,0.0,2535,-2.42,2.16,-1.12,-1.53,24.79,-0.1,0.56,-1.72,-0.23,46.35
S4B_style_proxy,TRAIN,15.0,2535,-23.59,2.18,-10.84,-9.58,237.23,-0.1,0.56,-16.72,-7.04,21.66
S4H_style_hmm,TEST,0.0,918,-0.04,2.27,-0.02,-0.02,5.26,-0.01,0.32,-0.05,-0.0,50.11
S4H_style_hmm,TEST,15.0,918,-12.17,2.31,-5.28,-5.8,43.87,-0.28,0.32,-15.05,-3.25,36.71
S4H_style_hmm,TRAIN,0.0,2529,0.79,2.85,0.28,0.41,5.57,0.14,0.35,0.9,0.04,49.82
S4H_style_hmm,TRAIN,15.0,2529,-12.39,2.86,-4.33,-5.05,125.08,-0.1,0.35,-14.1,-2.58,37.8
